{
  "best_class_weight": {
    "0": 1.0,
    "1": 10000.0
  },
  "best_meta_model": "rf_meta",
  "final_roc_auc": 0.9087053550208668,
  "final_pr_auc": 0.9040989610162564,
  "data_fraction_used": 0.1,
  "training_samples": 20246,
  "test_samples": 8677,
  "full_dataset_size": 284807,
  "full_fraud_rate": 0.001727485630620034,
  "expected_results": {
    "test_metrics": {
      "precision": 0.9914529914529915,
      "recall": 0.7837837837837838,
      "specificity": 0.9998827529604878,
      "false_positive_rate": 0.00011724703951225231,
      "true_positives": 